# first_name,last_name,title  — synthetic person pool for generate_activity.py
Akira,Tanaka,Chief Executive Officer
Yuki,Yamamoto,Regional Vice President
Hiroshi,Suzuki,Senior Product Manager
Sakura,Nakamura,Finance Director
Takeshi,Kobayashi,Engineering Lead
Keiko,Sato,Marketing Manager
Masaru,Watanabe,Operations Director
Aiko,Ito,Business Development Manager
Jiro,Nakajima,Sales Director
Tomoe,Kimura,Human Resources Manager
Rajesh,Kumar,Chief Technology Officer
Priya,Singh,Senior Analyst
Vikram,Patel,Project Manager
Ananya,Verma,Product Specialist
Arjun,Gupta,Business Manager
Neha,Mishra,Communications Director
Deepak,Sharma,Quality Assurance Lead
Divya,Reddy,Account Executive
Sanjay,Iyer,Infrastructure Engineer
Pooja,Nair,Customer Success Manager
Wei,Chen,Chief Financial Officer
Lin,Wang,Strategy Director
Ming,Liu,Software Engineer
Hui,Zhang,Sales Manager
Jian,Zhou,Operations Analyst
Na,Huang,Marketing Coordinator
Xiao,Li,Technical Director
Fang,Xu,Business Analyst
Feng,Yang,Production Manager
Lei,Wu,Senior Consultant
Pradeep,Rao,Enterprise Sales Manager
Lakshmi,Pillai,Product Manager
Suresh,Krishnan,Development Lead
Megha,Chopra,Brand Manager
Ashok,Desai,Compliance Officer
Sunita,Menon,Talent Acquisition Manager
Nikhil,Banerjee,Systems Architect
Sarah,Ng,Regional Manager
James,Wong,Operations Manager
Michael,Lim,Senior Developer
Jennifer,Tan,Project Coordinator
David,Chua,Finance Manager
Emma,Lee,Marketing Manager
Robert,Goh,Sales Representative
Jessica,Chow,Product Owner
Christopher,Ooi,Technical Specialist
Michelle,Koh,Strategy Consultant
Daniel,Teo,Data Analyst
Rebecca,Neo,Customer Relations Manager
William,Lau,Supply Chain Manager
Lisa,Poon,Senior Architect
Richard,Hong,Service Manager
Karen,Soh,Executive Assistant
Joseph,Lim,Business Development Manager
Maria,Chan,Quality Manager
Thomas,Quek,IT Director
Patricia,Seah,Learning and Development Manager
Charles,Ong,Innovation Manager
Sandra,Yee,Trade Marketing Manager
Mark,Sim,Solutions Architect
Nancy,Wee,Corporate Communications Manager
Carlos,Rodriguez,Chief Executive Officer
Maria,Santos,Vice President of Sales
Jose,Garcia,Sales Manager
Ana,Martinez,Account Executive
Diego,Lopez,Senior Software Engineer
Isabella,Ferreira,Product Manager
Luis,Hernandez,Finance Director
Sofia,Dias,Human Resources Manager
Miguel,Morales,Operations Manager
Lucia,Ramirez,Marketing Manager
Pedro,Flores,Systems Administrator
Carolina,Gutierrez,Data Analyst
Fernando,Soto,Business Development Manager
Valentina,Rojas,Customer Success Manager
Ricardo,Mendez,Quality Assurance Lead
Gabriela,Vargas,Administrative Assistant
Juan,Castillo,Senior Consultant
Elena,Navarro,Project Manager
Roberto,Medina,Engineering Manager
Alejandra,Ramos,Business Analyst
Angel,Dominguez,Sales Representative
Mariana,Munoz,Content Manager
Francisco,Ortiz,Infrastructure Engineer
Camila,Blanco,Financial Analyst
Antonio,Ruiz,Supply Chain Manager
Daniela,Cortez,Recruitment Specialist
Vicente,Molina,Technical Support Manager
Patricia,Herrera,Executive Assistant
Javier,Fuentes,Regional Sales Director
Francisca,Acosta,Legal Counsel
Pablo,Avila,IT Security Officer
Teresa,Campos,Procurement Manager
Sergio,Delgado,Mechanical Engineer
Rosario,Vega,Customer Care Supervisor
Andres,Jimenez,Web Developer
Leticia,Carrillo,Training Coordinator
Jorge,Pena,Logistics Manager
Montserrat,Sanz,Marketing Director
Guillermo,Iglesias,Product Designer
Judith,Marques,Financial Controller
Rafael,Salgado,Network Administrator
Gloria,Duran,Communications Manager
Ramon,Perez,Manufacturing Manager
Francisca,Chavez,Environmental Specialist
Armando,Reyna,Construction Manager
Concepcion,Heredia,Quality Manager
Enrique,Cardenas,Research Scientist
Antonia,Torres,Sales Coordinator
Manuel,Quintero,Warehouse Manager
Angela,Palacios,Office Manager
Emilio,Moreno,Sales Engineer
Matilde,Castano,Compliance Officer
Julio,Guzman,Talent Acquisition Manager
Estela,Suarez,Database Administrator
Eduardo,Trevino,Production Manager
Ines,Villarreal,Brand Manager
Hector,Paredes,Technical Lead
Esperanza,Urdaneta,Strategic Planning Manager
Alfonso,Valenzuela,Maintenance Supervisor
Beatriz,Vidal,Public Relations Manager
Domingo,Yates,Chief Financial Officer
Consuelo,Zarate,Director of Operations
Marcelino,Romero,IT Manager
Dolores,Sotelo,Customer Relationship Manager
Ahmed,Al-Mansouri,Chief Executive Officer
Fatima,Al-Rashid,Vice President of Operations
Omar,Hassan,Senior Software Engineer
Leila,Al-Qahtani,Head of Human Resources
Mohammed,Ibrahim,Financial Controller
Aisha,Al-Suwaidi,Marketing Director
Khalid,Al-Maktoum,Project Manager
Noor,Abdullah,Data Analyst
Samir,Al-Awadi,Sales Manager
Dina,Saleh,Business Development Executive
Rashid,Al-Shaikh,Infrastructure Architect
Hana,Nassar,Customer Success Manager
Hassan,Al-Mansoori,Quality Assurance Lead
Zainab,Mustafa,Content Strategist
Karim,Al-Zahra,Network Administrator
Amina,Karim,Product Manager
Tariq,Al-Falasi,Senior Consultant
Layla,Ibrahim,Clinical Coordinator
Hamza,Al-Maktoum,Manufacturing Engineer
Rania,Hassan,Compliance Officer
Jamal,Al-Qasimi,Supply Chain Manager
Soraya,Abdullah,Training Specialist
Fadi,Nassar,IT Security Analyst
Yasmin,Saleh,Communications Manager
Ibrahim,Al-Rashid,Warehouse Supervisor
Nihal,Karim,Legal Counsel
Waleed,Al-Suwaidi,Procurement Specialist
Heba,Omar,Systems Administrator
Adel,Al-Falasi,Field Sales Representative
Mira,Hassan,Executive Assistant
Yousef,Al-Mansoori,Marine Biologist
Lamar,Mustafa,Academic Director
Nizar,Al-Qahtani,Maintenance Technician
Amira,Karim,Public Relations Officer
Samer,Al-Zahra,Research Scientist
Dina,Abbas,Budget Analyst
Tarek,Al-Maktoum,Customer Service Representative
Rina,Ibrahim,Graphic Designer
Zaki,Al-Suwaidi,Logistics Coordinator
Saida,Hassan,Environmental Consultant
Nasir,Al-Falasi,Operations Supervisor
Laila,Saleh,Talent Acquisition Manager
Adnan,Karim,Process Improvement Officer
Marwa,Al-Rashid,Accounts Receivable Clerk
Jalal,Hassan,Safety Manager
Zahra,Abdullah,Community Relations Manager
Rashad,Al-Mansoori,Senior Analyst
Hind,Nassar,Payroll Administrator
Khalil,Karim,Technical Support Specialist
Amalia,Al-Qahtani,Brand Manager
Faisal,Omar,Construction Supervisor
Raya,Al-Zahra,Investment Advisor
Nabil,Al-Suwaidi,Production Manager
Sasha,Hassan,Office Manager
Munir,Al-Falasi,Revenue Analyst
Hana,Saleh,Laboratory Technician
Riyad,Karim,Distribution Manager
Nahida,Al-Maktoum,Knowledge Management Specialist
Wajih,Ibrahim,Business Analyst
Salma,Hassan,Event Coordinator
Amin,Al-Mansouri,Corporate Trainer
James,Morrison,Vice President of Sales
Sarah,Chen,Senior Software Engineer
Michael,Rodriguez,Director of Operations
Lisa,Thompson,Product Manager
David,Patterson,Chief Financial Officer
Jennifer,Kumar,Sales Development Representative
Robert,O'Brien,Engineering Manager
Amanda,Silva,Marketing Director
Christopher,Hayes,Business Analyst
Emily,Wright,Account Executive
Daniel,Jackson,Principal Architect
Rachel,Bennett,HR Manager
Matthew,Sullivan,Systems Administrator
Victoria,Andrews,Content Strategist
Andrew,Turner,Senior Accountant
Katherine,Mitchell,Quality Assurance Lead
Joshua,Campbell,Solutions Architect
Megan,Parker,Communications Manager
Ryan,Evans,Data Analyst
Nicole,Edwards,Executive Assistant
Brandon,Collins,DevOps Engineer
Lauren,Stewart,Customer Success Manager
Justin,Sanchez,Legal Counsel
Hannah,Morris,UX Designer
Kevin,Rogers,Facilities Manager
Olivia,Morgan,Compliance Officer
Brian,Peterson,Training Specialist
Sophia,Cooper,Product Designer
Edward,Richardson,Logistics Coordinator
Ava,Cox,Senior Marketing Manager
Ronald,Howard,Chief Technology Officer
Isabella,Ward,Financial Analyst
Gary,Torres,Network Administrator
Mia,Peterson,Brand Manager
Jerry,Gray,Operations Coordinator
Charlotte,Ramirez,Senior HR Business Partner
Lawrence,James,Software Developer
Amelia,Watson,Executive Director
Donald,Brooks,Business Development Manager
Harper,Kelly,IT Help Desk
Joseph,Sanders,Procurement Manager
Evelyn,Price,Senior Project Manager
Paul,Bennett,Research Analyst
Abigail,Wood,Community Manager
Mark,Barnes,Infrastructure Engineer
Emily,Ross,Customer Support Lead
Steven,Henderson,Sales Manager
Elizabeth,Coleman,Strategic Planning Manager
Paul,Jenkins,Web Developer
Avery,Perry,Public Relations Manager
Andrew,Powell,Financial Planner
Ella,Long,Database Administrator
Kenneth,Patterson,Supply Chain Analyst
Scarlett,Hughes,Sales Operations Analyst
Joshua,Flores,IT Security Officer
Grace,Washington,Executive Coach
Kevin,Butler,Quality Assurance Engineer
Chloe,Simmons,Marketing Communications Specialist
Brian,Bryant,Facilities Coordinator
Lily,Alexander,Talent Acquisition Specialist
Erik,Lindstrom,Chief Executive Officer
Anna,Bergstrom,Vice President of Sales
Magnus,Nilsson,Director of Engineering
Sofia,Andersson,Product Manager
Olof,Ekström,Senior Developer
Emma,Svensson,Business Analyst
Lars,Gustafsson,Regional Manager
Karin,Lund,Controller
Anders,Lundgren,Account Executive
Hanna,Hagstrom,HR Manager
Jonas,Pettersson,Technical Architect
Ingrid,Blomqvist,Marketing Director
Jens,Holm,Operations Manager
Maja,Folke,Customer Success Lead
Henrik,Strom,Senior Consultant
Liv,Friberg,Financial Analyst
Nils,Bergman,Development Manager
Astrid,Sundstrom,Quality Assurance Lead
Soren,Lundvik,Business Development
Klara,Akesson,Research Scientist
Bjorn,Eklund,Project Manager
Sigrid,Hallstrom,Legal Counsel
Torsten,Sjoberg,Service Manager
Ingela,Wallin,Communications Officer
Per,Franzen,Supply Chain Manager
Eva,Sundberg,Strategic Advisor
Vidar,Lundmark,Sales Engineer
Rut,Holm,Executive Assistant
Thor,Bergquist,Logistics Coordinator
Solveig,Nordstrom,Innovation Lead
Soren,Lundgren,Senior Architect
Maja,Bergstrom,Data Analyst
Bengt,Malmstrom,Contract Manager
Freja,Eriksson,Content Strategist
Leif,Hagstrom,Safety Officer
Gunilla,Folke,Training Coordinator
Soren,Strand,Senior Manager
Elin,Westberg,UX Designer
Knut,Bergstrom,Process Analyst
Solveig,Lundström,Risk Manager
Rune,Eklund,Sales Manager
Elsa,Sundstrom,Compliance Officer
Stellan,Vallstrom,Revenue Operations
Brita,Franzen,Product Designer
Torsten,Malmquist,Environmental Specialist
Sigrun,Bergman,Market Analyst
Odd,Nordstrom,Channel Manager
Dagmar,Lundberg,IT Director
Vidar,Hallstrom,Documentation Specialist
Ulla,Strom,Relationship Manager
Dag,Lundmark,Systems Engineer
Gunborg,Ekewall,Grant Administrator
Aake,Franzen,Procurement Manager
Vigdis,Bergstrom,Public Relations Manager
Kjell,Holm,Field Service Manager
Astrid,Blomqvist,Data Scientist
Hilding,Lundström,Enterprise Architect
Kerstin,Norberg,Policy Analyst
Einar,Strand,Solutions Consultant
Anna,Ekman,Audit Manager
Osvald,Lundgren,Maintenance Technician
Greta,Folke,Executive Director
Sigmund,Malmberg,Technical Support Lead
Solrun,Bergström,Procurement Specialist
Emma,Watson,Chief Financial Officer
Oliver,Sullivan,Sales Director
Charlotte,O'Brien,Senior Product Manager
James,McGrath,Engineering Lead
Amelia,Clarke,Marketing Manager
Benjamin,O'Connor,Business Development Manager
Harper,Edwards,Operations Director
Lucas,Murphy,Technical Architect
Olivia,Kennedy,Financial Analyst
Mason,Walsh,Account Executive
Isabella,Ryan,HR Business Partner
Ethan,Doyle,Systems Administrator
Ava,Lynch,Project Manager
Logan,Byrne,Senior Developer
Mia,Gallagher,Brand Manager
Alexander,Connolly,VP Sales
Evelyn,Shaughnessy,Quality Assurance Lead
Michael,Tierney,Product Owner
Abigail,Healy,Communications Director
Daniel,Mahoney,Infrastructure Engineer
Emily,Mooney,Customer Success Manager
Jacob,Reilly,Compliance Officer
Ella,Foley,Research Scientist
Aiden,Halloran,Business Analyst
Scarlett,Donnelly,Legal Counsel
Liam,Nolan,Data Engineer
Victoria,Casey,Event Manager
Noah,Malone,Sales Representative
Grace,Keane,Procurement Manager
Elijah,Cronin,IT Security Officer
Chloe,Driscoll,Content Strategist
William,Hanafin,Executive Director
Lily,Doherty,Customer Service Lead
Benjamin,Fallon,Technical Writer
Zoe,Hennessy,Strategic Consultant
Henry,Lennon,Manufacturing Manager
Natalie,Gilmore,Business Intelligence Analyst
Alexander,Coghlan,Network Administrator
Lily,Harrity,Sales Operations Manager
Jack,Loughran,Commercial Manager
Mia,Neill,Public Relations Officer
Joshua,Keating,Software Architect
Avery,Boyle,Risk Manager
Ryan,Clynch,Supply Chain Manager
Aria,Murphy,Graphic Designer
Dylan,Earls,Facilities Manager
Harper,Keenan,Executive Assistant
Calvin,McGaughey,Solutions Engineer
Ella,Hannigan,Internal Auditor
Hayden,Meehan,Change Management Lead
Sophie,Prior,Market Research Manager
Carter,Enright,Training Coordinator
Amelia,Lyons,Investor Relations Manager
Nathan,Mackey,Product Analyst
Vivian,Moynihan,Partnership Manager
Jackson,Kearns,Corporate Counsel
Hannah,Farrell,Customer Experience Designer
Aiden,Phelan,Environmental Compliance Officer
Scarlett,Seery,Technical Support Manager
Gabriel,Crean,Budget Manager
Penelope,Moran,Employee Relations Manager
Isaac,Whelan,Data Analyst
Addison,Tracey,Digital Marketing Specialist
